{"sidebars":{"orphaned_widgets_1":["woocommerce_price_filter-5","woocommerce_product_categories-4","woocommerce_layered_nav_filters-2","apus_woocommerce_price_filter-3"],"orphaned_widgets_2":["apus_woocommerce_price_filter-2","woocommerce_layered_nav-3","woocommerce_layered_nav-4","apus_woocommerce_widget_product_sorting-2","woocommerce_product_tag_cloud-2"],"text-banner":["text-9"],"contact-topbar-2":["text-7"],"filter-sidebar":["apus_custom_menu-2","apus_search-4"],"sidebar-default":["text-4"],"contact-topbar":["text-10"],"blog-left-sidebar":["categories-5","apus_recent_post-3","tag_cloud-3"],"blog-right-sidebar":["text-8"],"product-left-sidebar":["apus_woocommerce_price_filter-4","apus_brands-2","woocommerce_rating_filter-2"],"product-right-sidebar":["apus_search-2","woocommerce_price_filter-4","woocommerce_products-4"],"demo-sidebar":["text-11","apus_custom_menu-3"]},"widgets":{"apus_popup_newsletter":{"2":{"title":"Newsletter","description":"Sign up for emails to get our latest style news\r\nbefore everybody else","image":"http:\/\/demoapus-wp.com\/tumbas\/wp-content\/uploads\/2016\/05\/news.jpg"},"_multiwidget":1},"pages":{"_multiwidget":1},"calendar":{"_multiwidget":1},"archives":{"_multiwidget":1},"meta":{"_multiwidget":1},"search":{"_multiwidget":1},"text":{"1":[],"2":{"title":"","text":"<span class=\"info-inner\"><i class=\"fa fa-phone\"><\/i>(  01) 123 456 789<\/span>\r\n<span class=\"info-inner\"><i class=\"fa fa-envelope\"><\/i>Info@Dronetech.com<\/span>","filter":false},"3":{"title":"Text Widgets","text":"Said Californ'y is the place you ought to be So they loaded up the truck and moved to Bev erly. Hills that is. Swimmin' pools movie stars? The weather started getting rough the tiny ship was tossed. ","filter":false},"4":{"title":"","text":"<span><i class=\"fa fa-phone text-theme\"><\/i>+1-92-345-6789<\/span>\r\n<span><i class=\"fa fa-envelope-o text-theme\"><\/i><\/i>info@ecommerceshop.com<\/span>","filter":false},"7":{"title":"","text":"<div class=\"media\">\r\n    <div class=\"media-left\">\r\n                <h5 class=\"title\">+1-67-567-7890<\/h5>\r\n        <p>24\/7 Customer Support<\/p>\r\n    <\/div>\r\n    <div class=\"media-body\">\r\n\r\n<i class=\"fa fa-phone text-theme\"><\/i>\r\n    <\/div>\r\n<\/div>","filter":false},"8":{"title":"","text":"<div class=\"media\">\r\n  <div class=\"media-left\">\r\n    <i class=\"mn-icon-260\"><\/i>\r\n  <\/div>\r\n  <div class=\"media-body\">\r\n  \t<p class=\"phone-info text-theme\">+48 509 899 098<\/p>\r\n  <\/div>\r\n<\/div>\r\n<div class=\"media\">\r\n  <div class=\"media-left\">\r\n    <i class=\"mn-icon-220\"><\/i>\r\n  <\/div>\r\n  <div class=\"media-body\">\r\n  \t<p class=\"email-info\">email@domain.com<\/p>\r\n  <\/div>\r\n<\/div>","filter":false},"9":{"title":"","text":"FREE SHIPPING ON OVER $500! <a href=\"#\" class=\"text-theme\">CLICK HERE<\/a> FOR MORE INFO","filter":false},"10":{"title":"","text":"<div class=\"contact-call\">\r\nCall us on (504) 305-0554\r\n<\/div>","filter":false},"11":{"title":"","text":"<div class=\"demo-sidebar-head\">\r\n<h2>GET AN AWESOME START!<\/h2>\r\n<a class=\"btn\" href=\"https:\/\/themeforest.net\/item\/tumbas-responsive-woocommerce-wordpress-theme\/19263373?license=regular&open_purchase_for_item_id=19263373&purchasable=source&ref=ApusTheme\">Purchase for $59<\/a>\r\n<\/div>","filter":false},"_multiwidget":1},"categories":{"5":{"title":"Categories","count":0,"hierarchical":0,"dropdown":0},"_multiwidget":1},"recent-posts":{"_multiwidget":1},"recent-comments":{"_multiwidget":1},"rss":{"1":[],"_multiwidget":1},"tag_cloud":{"2":{"title":"popular tags","taxonomy":"post_tag"},"3":{"title":"Popular Tags","taxonomy":"post_tag"},"_multiwidget":1},"nav_menu":{"_multiwidget":1},"akismet_widget":{"_multiwidget":1},"apus_custom_menu":{"2":{"title":"Custom Menu","nav_menu":"categories"},"3":{"title":"","nav_menu":"demo-menu"},"_multiwidget":1},"apus_search":{"2":{"title":"Search Products","post_type":"product"},"4":{"title":"Search","post_type":"post"},"_multiwidget":1},"apus_single_image":{"_multiwidget":1},"apus_recent_post":{"2":{"title":"recent posts","post_type":"post","number_post":"4","layout":"default"},"3":{"title":"Popular Articles","post_type":"post","number_post":"4","layout":"default"},"_multiwidget":1},"apus_instagram":{"_multiwidget":1},"apus_woocommerce_price_filter":{"2":{"title":"Filter by price","price_range_size":50,"max_price_ranges":10,"hide_empty_ranges":1},"3":{"title":"Filter by price","price_range_size":50,"max_price_ranges":10,"hide_empty_ranges":1},"4":{"title":"Filter by price","price_range_size":200,"max_price_ranges":10,"hide_empty_ranges":1},"_multiwidget":1},"apus_woocommerce_widget_product_sorting":{"2":{"title":"Sort By"},"_multiwidget":1},"apus_vertical_menu":{"2":{"title":"Categories","nav_menu":"63","position":"left"},"_multiwidget":1},"apus_brands":{"2":{"title":"Filter by Brands","hide_empty":"on","show_count":"on"},"_multiwidget":1},"apus_carousel_brands":{"_multiwidget":1},"kc_widget_content":{"_multiwidget":1},"rev-slider-widget":{"_multiwidget":1},"woocommerce_widget_cart":{"_multiwidget":1},"woocommerce_layered_nav_filters":{"2":{"title":"Active Filters"},"_multiwidget":1},"woocommerce_layered_nav":{"2":{"title":"Filter by","attribute":"sizse","display_type":"list","query_type":"and"},"3":{"title":"Filter by Color","attribute":"color","display_type":"list","query_type":"and"},"4":{"title":"Filter by Size","attribute":"sizse","display_type":"list","query_type":"and"},"_multiwidget":1},"woocommerce_price_filter":{"2":{"title":"Filter by price"},"3":{"title":"prices"},"4":{"title":"Filter by price"},"5":{"title":"Filter by price"},"_multiwidget":1},"woocommerce_product_categories":{"2":{"title":"Product Categories","orderby":"name","dropdown":0,"count":0,"hierarchical":1,"show_children_only":0,"hide_empty":0},"3":{"title":"Categories","orderby":"name","dropdown":0,"count":1,"hierarchical":0,"show_children_only":0,"hide_empty":0},"4":{"title":"Product Categories","orderby":"name","dropdown":0,"count":0,"hierarchical":1,"show_children_only":0,"hide_empty":0},"_multiwidget":1},"woocommerce_product_search":{"_multiwidget":1},"woocommerce_product_tag_cloud":{"2":{"title":"Product Tags"},"_multiwidget":1},"woocommerce_products":{"2":{"title":"Featured Products","number":4,"show":"featured","orderby":"date","order":"desc","hide_free":0,"show_hidden":0},"3":{"title":"featured items","number":4,"show":"featured","orderby":"date","order":"desc","hide_free":0,"show_hidden":0},"4":{"title":"Products Featured","number":6,"show":"","orderby":"date","order":"desc","hide_free":0,"show_hidden":0},"_multiwidget":1},"woocommerce_rating_filter":{"2":{"title":"Filter by Rating"},"_multiwidget":1},"woocommerce_recent_reviews":{"_multiwidget":1},"woocommerce_recently_viewed_products":{"_multiwidget":1},"woocommerce_top_rated_products":{"_multiwidget":1},"mc4wp_form_widget":{"_multiwidget":1}}}